"DESCRIPTION","DURATION IN MS","NAME","PARENT SUITE","START TIME","STATUS","STOP TIME","SUB SUITE","SUITE","TEST CLASS","TEST METHOD"
"","216","obtenerUsuario devuelve los datos esperados","firefox","2026-08-31","passed","2026-08-31","API testing: ejemplo básico con ApiClient","08-apitesting-ejemploAPITest.spec.ts","",""
"","2969","Login exitoso con standard_user","firefox","2026-08-31","passed","2026-08-31","","login.spec.ts","",""
"","414","crearPost devuelve el post creado con un id asignado","webkit","2026-08-31","passed","2026-08-31","API testing: ejemplo básico con ApiClient","08-apitesting-ejemploAPITest.spec.ts","",""
"","1045","Login exitoso con standard_user","chromium","2026-08-31","passed","2026-08-31","","login.spec.ts","",""
"","3465","get started link","firefox","2026-08-31","passed","2026-08-31","","example.spec.ts","",""
"","6","correr la colecicon de postman","chromium","2026-08-31","failed","2026-08-31","","pruebaNewman.spec.ts","",""
"","10723","ejercicio 1: agregar y quitar un producto desde el carrito","firefox","2026-08-31","passed","2026-08-31","Ejercicios de grabación","06-ejercicios-para-grabar.spec.ts","",""
"","2035","ejercicio 5 (desafío): detectar un bug visual con problem_user","firefox","2026-08-31","passed","2026-08-31","Ejercicios de grabación","06-ejercicios-para-grabar.spec.ts","",""
"","1831","ejercicio 5 (desafío): detectar un bug visual con problem_user","chromium","2026-08-31","passed","2026-08-31","Ejercicios de grabación","06-ejercicios-para-grabar.spec.ts","",""
"","5799","ejercicio 4: cancelar el checkout en la pantalla de resumen","chromium","2026-08-31","passed","2026-08-31","Ejercicios de grabación","06-ejercicios-granados.spec.ts","",""
"","10600","ejercicio 2: locked_out_user ve el mensaje de bloqueo","firefox","2026-08-31","passed","2026-08-31","Ejercicios de grabación","06-ejercicios-granados.spec.ts","",""
"","513","DELETE elimina un recurso","chromium","2026-08-31","passed","2026-08-31","API testing: fundamentos (sin helper)","07-api-testing.spec.ts","",""
"","371","GET a una API pública","firefox","2026-08-31","passed","2026-08-31","API testing: fundamentos (sin helper)","07-api-testing.spec.ts","",""
"","99","GET a un recurso que no existe devuelve 404","webkit","2026-08-31","passed","2026-08-31","API testing: fundamentos (sin helper)","07-api-testing.spec.ts","",""
"","1581","test","chromium","2026-08-31","passed","2026-08-31","","compra.spec.ts","",""
"","6322","ejercicio 4: cancelar el checkout en la pantalla de resumen","webkit","2026-08-31","passed","2026-08-31","Ejercicios de grabación","06-ejercicios-granados.spec.ts","",""
"","2315","has title","webkit","2026-08-31","passed","2026-08-31","","example.spec.ts","",""
"","288","parametrizado: obtener varios usuarios y validar su forma","firefox","2026-08-31","passed","2026-08-31","API testing: refinado con ApiClient","07-api-testing.spec.ts","",""
"","2389","ejercicio 2: locked_out_user ve el mensaje de bloqueo","webkit","2026-08-31","passed","2026-08-31","Ejercicios de grabación","06-ejercicios-para-grabar.spec.ts","",""
"","2543","validar por API antes de decidir qué probar en la UI","webkit","2026-08-31","passed","2026-08-31","Combinar API + UI","07-api-testing.spec.ts","",""
"","1741","ejercicio 1: agregar y quitar un producto desde el carrito","chromium","2026-08-31","passed","2026-08-31","Ejercicios de grabación","06-ejercicios-para-grabar.spec.ts","",""
"","3817","ejercicio 4: cancelar el checkout en la pantalla de resumen","webkit","2026-08-31","passed","2026-08-31","Ejercicios de grabación","06-ejercicios-para-grabar.spec.ts","",""
"","5038","ejercicio 5 (desafío): detectar un bug visual con problem_user","webkit","2026-08-31","passed","2026-08-31","Ejercicios de grabación","06-ejercicios-granados.spec.ts","",""
"","521","parametrizado: obtener varios usuarios y validar su forma","chromium","2026-08-31","passed","2026-08-31","API testing: refinado con ApiClient","07-api-testing.spec.ts","",""
"","2761","has title","firefox","2026-08-31","passed","2026-08-31","","example.spec.ts","",""
"","1155","ejercicio 2: locked_out_user ve el mensaje de bloqueo","chromium","2026-08-31","passed","2026-08-31","Ejercicios de grabación","06-ejercicios-para-grabar.spec.ts","",""
"","187","obtenerUsuario devuelve los datos esperados","chromium","2026-08-31","passed","2026-08-31","API testing: ejemplo básico con ApiClient","08-apitesting-ejemploAPITest.spec.ts","",""
"","484","POST enviando un body JSON","webkit","2026-08-31","passed","2026-08-31","API testing: fundamentos (sin helper)","07-api-testing.spec.ts","",""
"","104","GET a una API pública","firefox","2026-08-31","passed","2026-08-31","API testing: ejemplo básico","08-apitesting-ejemploAPITest.spec.ts","",""
"","216","eliminarPost elimina un recurso","firefox","2026-08-31","passed","2026-08-31","API testing: ejemplo básico con  helper","08-apitesting-ejemploAPITest.spec.ts","",""
"","589","crearPost devuelve el post creado con un id asignado","firefox","2026-08-31","passed","2026-08-31","API testing: refinado con ApiClient","07-api-testing.spec.ts","",""
"","1583","ejercicio 4: cancelar el checkout en la pantalla de resumen","chromium","2026-08-31","passed","2026-08-31","Ejercicios de grabación","06-ejercicios-para-grabar.spec.ts","",""
"","3836","usar un nombre real obtenido por API para completar el checkout de SauceDemo","webkit","2026-08-31","passed","2026-08-31","Combinar API + UI","07-api-testing.spec.ts","",""
"","5098","ejercicio 2: locked_out_user ve el mensaje de bloqueo","chromium","2026-08-31","passed","2026-08-31","Ejercicios de grabación","06-ejercicios-granados.spec.ts","",""
"","4806","ejercicio 1: agregar y quitar un producto desde el carrito","webkit","2026-08-31","passed","2026-08-31","Ejercicios de grabación","06-ejercicios-granados.spec.ts","",""
"","2163","ejercicio 6 test POM Login","webkit","2026-08-31","passed","2026-08-31","Ejercicios de grabación","06-ejercicios-para-grabar.spec.ts","",""
"","1268","validar por API antes de decidir qué probar en la UI","chromium","2026-08-31","passed","2026-08-31","Combinar API + UI","07-api-testing.spec.ts","",""
"","346","GET a un recurso que no existe devuelve 404","chromium","2026-08-31","passed","2026-08-31","API testing: fundamentos (sin helper)","07-api-testing.spec.ts","",""
"","3044","ejercicio 6 test POM Login","webkit","2026-08-31","passed","2026-08-31","Ejercicios de grabación","06-ejercicios-granados.spec.ts","",""
"","421","GET a una API pública","webkit","2026-08-31","passed","2026-08-31","API testing: fundamentos (sin helper)","07-api-testing.spec.ts","",""
"","396","obtenerUsuario devuelve los datos esperados","chromium","2026-08-31","passed","2026-08-31","API testing: refinado con ApiClient","07-api-testing.spec.ts","",""
"","2894","get started link","webkit","2026-08-31","passed","2026-08-31","","example.spec.ts","",""
"","288","parametrizado: obtener varios usuarios y validar su forma","webkit","2026-08-31","passed","2026-08-31","API testing: refinado con ApiClient","07-api-testing.spec.ts","",""
"","412","crearPost devuelve el post creado con un id asignado","chromium","2026-08-31","passed","2026-08-31","API testing: ejemplo básico con ApiClient","08-apitesting-ejemploAPITest.spec.ts","",""
"","103","GET a un recurso que no existe devuelve 404","firefox","2026-08-31","passed","2026-08-31","API testing: fundamentos (sin helper)","07-api-testing.spec.ts","",""
"","5230","ejercicio 1: agregar y quitar un producto desde el carrito","chromium","2026-08-31","passed","2026-08-31","Ejercicios de grabación","06-ejercicios-granados.spec.ts","",""
"","107","GET a una API pública","webkit","2026-08-31","passed","2026-08-31","API testing: ejemplo básico","08-apitesting-ejemploAPITest.spec.ts","",""
"","2856","ejercicio 4: cancelar el checkout en la pantalla de resumen","firefox","2026-08-31","passed","2026-08-31","Ejercicios de grabación","06-ejercicios-para-grabar.spec.ts","",""
"","10","correr la colecicon de postman","firefox","2026-08-31","failed","2026-08-31","","pruebaNewman.spec.ts","",""
"","1963","ejercicio 6 test POM Login","firefox","2026-08-31","passed","2026-08-31","Ejercicios de grabación","06-ejercicios-para-grabar.spec.ts","",""
"","1615","ejercicio 3: ordenar por precio de mayor a menor","chromium","2026-08-31","passed","2026-08-31","Ejercicios de grabación","06-ejercicios-para-grabar.spec.ts","",""
"","461","DELETE elimina un recurso","webkit","2026-08-31","passed","2026-08-31","API testing: fundamentos (sin helper)","07-api-testing.spec.ts","",""
"","443","eliminarPost elimina un recurso","webkit","2026-08-31","passed","2026-08-31","API testing: ejemplo básico con  helper","08-apitesting-ejemploAPITest.spec.ts","",""
"","3126","ejercicio 5 (desafío): detectar un bug visual con problem_user","webkit","2026-08-31","passed","2026-08-31","Ejercicios de grabación","06-ejercicios-para-grabar.spec.ts","",""
"","213","eliminarPost elimina un recurso","chromium","2026-08-31","passed","2026-08-31","API testing: ejemplo básico con  helper","08-apitesting-ejemploAPITest.spec.ts","",""
"","1244","ejercicio 6 test POM Login","chromium","2026-08-31","passed","2026-08-31","Ejercicios de grabación","06-ejercicios-para-grabar.spec.ts","",""
"","4570","ejercicio 3: ordenar por precio de mayor a menor","webkit","2026-08-31","passed","2026-08-31","Ejercicios de grabación","06-ejercicios-granados.spec.ts","",""
"","95","GET a una API pública","chromium","2026-08-31","passed","2026-08-31","API testing: ejemplo básico","08-apitesting-ejemploAPITest.spec.ts","",""
"","2163","ejercicio 3: ordenar por precio de mayor a menor","firefox","2026-08-31","passed","2026-08-31","Ejercicios de grabación","06-ejercicios-para-grabar.spec.ts","",""
"","469","obtenerUsuario devuelve los datos esperados","webkit","2026-08-31","passed","2026-08-31","API testing: ejemplo básico con ApiClient","08-apitesting-ejemploAPITest.spec.ts","",""
"","3468","test","firefox","2026-08-31","passed","2026-08-31","","compra.spec.ts","",""
"","3843","usar un nombre real obtenido por API para completar el checkout de SauceDemo","firefox","2026-08-31","passed","2026-08-31","Combinar API + UI","07-api-testing.spec.ts","",""
"","8215","ejercicio 5 (desafío): detectar un bug visual con problem_user","firefox","2026-08-31","passed","2026-08-31","Ejercicios de grabación","06-ejercicios-granados.spec.ts","",""
"","5290","ejercicio 3: ordenar por precio de mayor a menor","chromium","2026-08-31","passed","2026-08-31","Ejercicios de grabación","06-ejercicios-granados.spec.ts","",""
"","431","POST enviando un body JSON","chromium","2026-08-31","passed","2026-08-31","API testing: fundamentos (sin helper)","07-api-testing.spec.ts","",""
"","2514","Login exitoso con standard_user","webkit","2026-08-31","passed","2026-08-31","","login.spec.ts","",""
"","3780","ejercicio 2: locked_out_user ve el mensaje de bloqueo","webkit","2026-08-31","passed","2026-08-31","Ejercicios de grabación","06-ejercicios-granados.spec.ts","",""
"","3079","validar por API antes de decidir qué probar en la UI","firefox","2026-08-31","passed","2026-08-31","Combinar API + UI","07-api-testing.spec.ts","",""
"","1732","get started link","chromium","2026-08-31","passed","2026-08-31","","example.spec.ts","",""
"","10272","ejercicio 3: ordenar por precio de mayor a menor","firefox","2026-08-31","passed","2026-08-31","Ejercicios de grabación","06-ejercicios-granados.spec.ts","",""
"","690","DELETE elimina un recurso","firefox","2026-08-31","passed","2026-08-31","API testing: fundamentos (sin helper)","07-api-testing.spec.ts","",""
"","1575","has title","chromium","2026-08-31","passed","2026-08-31","","example.spec.ts","",""
"","5","correr la colecicon de postman","webkit","2026-08-31","failed","2026-08-31","","pruebaNewman.spec.ts","",""
"","6215","ejercicio 4: cancelar el checkout en la pantalla de resumen","firefox","2026-08-31","passed","2026-08-31","Ejercicios de grabación","06-ejercicios-granados.spec.ts","",""
"","125","obtenerUsuario devuelve los datos esperados","firefox","2026-08-31","passed","2026-08-31","API testing: refinado con ApiClient","07-api-testing.spec.ts","",""
"","9440","ejercicio 6 test POM Login","firefox","2026-08-31","passed","2026-08-31","Ejercicios de grabación","06-ejercicios-granados.spec.ts","",""
"","5434","ejercicio 5 (desafío): detectar un bug visual con problem_user","chromium","2026-08-31","passed","2026-08-31","Ejercicios de grabación","06-ejercicios-granados.spec.ts","",""
"","5078","ejercicio 6 test POM Login","chromium","2026-08-31","passed","2026-08-31","Ejercicios de grabación","06-ejercicios-granados.spec.ts","",""
"","388","GET a una API pública","chromium","2026-08-31","passed","2026-08-31","API testing: fundamentos (sin helper)","07-api-testing.spec.ts","",""
"","216","POST enviando un body JSON","firefox","2026-08-31","passed","2026-08-31","API testing: fundamentos (sin helper)","07-api-testing.spec.ts","",""
"","3994","test","webkit","2026-08-31","passed","2026-08-31","","compra.spec.ts","",""
"","1487","usar un nombre real obtenido por API para completar el checkout de SauceDemo","chromium","2026-08-31","passed","2026-08-31","Combinar API + UI","07-api-testing.spec.ts","",""
"","100","obtenerUsuario devuelve los datos esperados","webkit","2026-08-31","passed","2026-08-31","API testing: refinado con ApiClient","07-api-testing.spec.ts","",""
"","3346","ejercicio 1: agregar y quitar un producto desde el carrito","webkit","2026-08-31","passed","2026-08-31","Ejercicios de grabación","06-ejercicios-para-grabar.spec.ts","",""
"","425","crearPost devuelve el post creado con un id asignado","firefox","2026-08-31","passed","2026-08-31","API testing: ejemplo básico con ApiClient","08-apitesting-ejemploAPITest.spec.ts","",""
"","235","crearPost devuelve el post creado con un id asignado","chromium","2026-08-31","passed","2026-08-31","API testing: refinado con ApiClient","07-api-testing.spec.ts","",""
"","2660","ejercicio 3: ordenar por precio de mayor a menor","webkit","2026-08-31","passed","2026-08-31","Ejercicios de grabación","06-ejercicios-para-grabar.spec.ts","",""
"","7307","ejercicio 2: locked_out_user ve el mensaje de bloqueo","firefox","2026-08-31","passed","2026-08-31","Ejercicios de grabación","06-ejercicios-para-grabar.spec.ts","",""
"","4586","ejercicio 1: agregar y quitar un producto desde el carrito","firefox","2026-08-31","passed","2026-08-31","Ejercicios de grabación","06-ejercicios-granados.spec.ts","",""
"","215","crearPost devuelve el post creado con un id asignado","webkit","2026-08-31","passed","2026-08-31","API testing: refinado con ApiClient","07-api-testing.spec.ts","",""
